Restricting rows using like operator and reg_exp

1.Find all employees with name ending with R.
mysql> select *
    -> from emp
    -> where regexp_like(ename, '^.*R$');
+-------+--------+----------+------+------------+---------+------+--------+
| EMPNO | ENAME  | JOB      | MGR  | HIREDATE   | SAL     | COMM | DEPTNO |
+-------+--------+----------+------+------------+---------+------+--------+
|  7844 | TURNER | SALESMAN | 7698 | 1981-09-08 | 1500.00 | 0.00 |     30 |
|  7934 | MILLER | CLERK    | 7782 | 1982-01-23 | 1300.00 | NULL |     10 |
+-------+--------+----------+------+------------+---------+------+--------+
2 rows in set (0.00 sec)
 
2. Find all employees with name starting with M and ending with R.
mysql> select *
    -> from emp
    -> where regexp_like(ename, '^M.*R$');
+-------+--------+-------+------+------------+---------+------+--------+
| EMPNO | ENAME  | JOB   | MGR  | HIREDATE   | SAL     | COMM | DEPTNO |
+-------+--------+-------+------+------------+---------+------+--------+
|  7934 | MILLER | CLERK | 7782 | 1982-01-23 | 1300.00 | NULL |     10 |
+-------+--------+-------+------+------------+---------+------+--------+
1 row in set (0.00 sec)
 
3. To find all employees with name starting with either M or A.
mysql> select *
    -> from emp
    -> where regexp_like(ename, '^[MA].*');
+-------+--------+----------+------+------------+---------+---------+--------+
| EMPNO | ENAME  | JOB      | MGR  | HIREDATE   | SAL     | COMM    | DEPTNO |
+-------+--------+----------+------+------------+---------+---------+--------+
|  7499 | ALLEN  | SALESMAN | 7698 | 1981-02-20 | 1600.00 |  300.00 |     30 |
|  7654 | MARTIN | SALESMAN | 7698 | 1981-09-28 | 1250.00 | 1400.00 |     30 |
|  7876 | ADAMS  | CLERK    | 7788 | 1983-01-12 | 1100.00 |    NULL |     20 |
|  7934 | MILLER | CLERK    | 7782 | 1982-01-23 | 1300.00 |    NULL |     10 |
+-------+--------+----------+------+------------+---------+---------+--------+
4 rows in set (0.00 sec)
 
4. List the employee  name having letter 'L' as the second character.
mysql> select *
    -> from emp
    -> where regexp_like(ename, '^.L.*');
+-------+-------+----------+------+------------+---------+--------+--------+
| EMPNO | ENAME | JOB      | MGR  | HIREDATE   | SAL     | COMM   | DEPTNO |
+-------+-------+----------+------+------------+---------+--------+--------+
|  7499 | ALLEN | SALESMAN | 7698 | 1981-02-20 | 1600.00 | 300.00 |     30 |
|  7698 | BLAKE | MANAGER  | 7839 | 1981-05-01 | 2850.00 |   NULL |     30 |
|  7782 | CLARK | MANAGER  | 7839 | 1981-06-09 | 2450.00 |   NULL |     10 |
+-------+-------+----------+------+------------+---------+--------+--------+
3 rows in set (0.00 sec)
 
5. Find all employees with name having L at 3 rd position.
mysql> select *
    -> from emp
    -> where regexp_like(ename, '^..L.*');
+-------+--------+----------+------+------------+---------+--------+--------+
| EMPNO | ENAME  | JOB      | MGR  | HIREDATE   | SAL     | COMM   | DEPTNO |
+-------+--------+----------+------+------------+---------+--------+--------+
|  7499 | ALLEN  | SALESMAN | 7698 | 1981-02-20 | 1600.00 | 300.00 |     30 |
|  7934 | MILLER | CLERK    | 7782 | 1982-01-23 | 1300.00 |   NULL |     10 |
+-------+--------+----------+------+------------+---------+--------+--------+
2 rows in set (0.00 sec)
 
6. To list all employees with name ending by ES.
mysql> select *
    -> from emp
    -> where regexp_like(ename, '.*ES$');
+-------+-------+---------+------+------------+---------+------+--------+
| EMPNO | ENAME | JOB     | MGR  | HIREDATE   | SAL     | COMM | DEPTNO |
+-------+-------+---------+------+------------+---------+------+--------+
|  7566 | JONES | MANAGER | 7839 | 1981-04-02 | 2975.00 | NULL |     20 |
|  7900 | JAMES | CLERK   | 7698 | 1981-12-03 |  950.00 | NULL |     30 |
+-------+-------+---------+------+------------+---------+------+--------+
2 rows in set (0.00 sec)
 
7. To list all employees with job starting with C and ending with K.
mysql> select *
    -> from emp
    -> where regexp_like(job, 'C.*K$');
+-------+--------+-------+------+------------+---------+------+--------+
| EMPNO | ENAME  | JOB   | MGR  | HIREDATE   | SAL     | COMM | DEPTNO |
+-------+--------+-------+------+------------+---------+------+--------+
|  7369 | SMITH  | CLERK | 7902 | 1980-12-17 |  800.00 | NULL |     20 |
|  7876 | ADAMS  | CLERK | 7788 | 1983-01-12 | 1100.00 | NULL |     20 |
|  7900 | JAMES  | CLERK | 7698 | 1981-12-03 |  950.00 | NULL |     30 |
|  7934 | MILLER | CLERK | 7782 | 1982-01-23 | 1300.00 | NULL |     10 |
+-------+--------+-------+------+------------+---------+------+--------+
4 rows in set (0.00 sec)
 
8. To find all employees with name starting with either M or A and last character as either R or E.
mysql> select *
    -> from emp
    -> where regexp_like(ename, '^[MA].*[RE]$');
+-------+--------+-------+------+------------+---------+------+--------+
| EMPNO | ENAME  | JOB   | MGR  | HIREDATE   | SAL     | COMM | DEPTNO |
+-------+--------+-------+------+------------+---------+------+--------+
|  7934 | MILLER | CLERK | 7782 | 1982-01-23 | 1300.00 | NULL |     10 |
+-------+--------+-------+------+------------+---------+------+--------+
1 row in set (0.00 sec)

9. To find all employee with name starting with A or M and ending with E.
mysql> select *
    -> from emp
    -> where regexp_like(ename, '^[MA].*E$');
Empty set (0.00 sec)
 
10. Find all employees with name starting with A and ending with N, or it may start with S and end with H.
mysql> select *
    -> from emp
    -> where regexp_like(ename, '^A.*N$|^S.*H$');
+-------+-------+----------+------+------------+---------+--------+--------+
| EMPNO | ENAME | JOB      | MGR  | HIREDATE   | SAL     | COMM   | DEPTNO |
+-------+-------+----------+------+------------+---------+--------+--------+
|  7369 | SMITH | CLERK    | 7902 | 1980-12-17 |  800.00 |   NULL |     20 |
|  7499 | ALLEN | SALESMAN | 7698 | 1981-02-20 | 1600.00 | 300.00 |     30 |
+-------+-------+----------+------+------------+---------+--------+--------+
2 rows in set (0.00 sec)
 
11. Find all employees with name starting with M, having  L at 3 rd position and ends with R.
mysql> select *
    -> from emp
    -> where regexp_like(ename, '^M.L.*R$');
+-------+--------+-------+------+------------+---------+------+--------+
| EMPNO | ENAME  | JOB   | MGR  | HIREDATE   | SAL     | COMM | DEPTNO |
+-------+--------+-------+------+------------+---------+------+--------+
|  7934 | MILLER | CLERK | 7782 | 1982-01-23 | 1300.00 | NULL |     10 |
+-------+--------+-------+------+------------+---------+------+--------+
1 row in set (0.00 sec)

12. Find all employees with name having L at 3 rd position and E at second last position.
mysql> select *
    -> from emp
    -> where regexp_like(ename, '^..L.*E.$');
+-------+--------+----------+------+------------+---------+--------+--------+
| EMPNO | ENAME  | JOB      | MGR  | HIREDATE   | SAL     | COMM   | DEPTNO |
+-------+--------+----------+------+------------+---------+--------+--------+
|  7499 | ALLEN  | SALESMAN | 7698 | 1981-02-20 | 1600.00 | 300.00 |     30 |
|  7934 | MILLER | CLERK    | 7782 | 1982-01-23 | 1300.00 |   NULL |     10 |
+-------+--------+----------+------+------------+---------+--------+--------+
2 rows in set (0.00 sec)

13. Find all employees with name not starting with A or M
mysql> select *
    -> from emp
    -> where regexp_like(ename, '^[^AM].*');
+-------+--------+-----------+------+------------+---------+--------+--------+
| EMPNO | ENAME  | JOB       | MGR  | HIREDATE   | SAL     | COMM   | DEPTNO |
+-------+--------+-----------+------+------------+---------+--------+--------+
|  7369 | SMITH  | CLERK     | 7902 | 1980-12-17 |  800.00 |   NULL |     20 |
|  7521 | WARD   | SALESMAN  | 7698 | 1981-02-22 | 1250.00 | 500.00 |     30 |
|  7566 | JONES  | MANAGER   | 7839 | 1981-04-02 | 2975.00 |   NULL |     20 |
|  7698 | BLAKE  | MANAGER   | 7839 | 1981-05-01 | 2850.00 |   NULL |     30 |
|  7782 | CLARK  | MANAGER   | 7839 | 1981-06-09 | 2450.00 |   NULL |     10 |
|  7788 | SCOTT  | ANALYST   | 7566 | 1982-12-09 | 3000.00 |   NULL |     20 |
|  7839 | KING   | PRESIDENT | NULL | 1981-11-17 | 5000.00 |   NULL |     10 |
|  7844 | TURNER | SALESMAN  | 7698 | 1981-09-08 | 1500.00 |   0.00 |     30 |
|  7900 | JAMES  | CLERK     | 7698 | 1981-12-03 |  950.00 |   NULL |     30 |
|  7902 | FORD   | ANALYST   | 7566 | 1981-12-03 | 3000.00 |   NULL |     20 |
+-------+--------+-----------+------+------------+---------+--------+--------+
10 rows in set (0.00 sec)

14. Display all employees with sal >1000 and sal<3000 and job has A at starting position and ends with T.
mysql> select *
    -> from emp
    -> where (sal between 1000 and 3000) AND regexp_like(job, '^A.*T$');
+-------+-------+---------+------+------------+---------+------+--------+
| EMPNO | ENAME | JOB     | MGR  | HIREDATE   | SAL     | COMM | DEPTNO |
+-------+-------+---------+------+------------+---------+------+--------+
|  7788 | SCOTT | ANALYST | 7566 | 1982-12-09 | 3000.00 | NULL |     20 |
|  7902 | FORD  | ANALYST | 7566 | 1981-12-03 | 3000.00 | NULL |     20 |
+-------+-------+---------+------+------------+---------+------+--------+
2 rows in set (0.00 sec)
 
15. Write a query  to display empno, ename, sal, commission, increased sal by 10% and for all employees  whose  name starts with A,M or S.
mysql> select empno, ename, sal, comm, (sal + sal * 0.10) as "increased_salary"
    -> from emp
    -> where regexp_like(ename, '^[AMS].*')
    -> ;
+-------+--------+---------+---------+------------------+
| empno | ename  | sal     | comm    | increased_salary |
+-------+--------+---------+---------+------------------+
|  7369 | SMITH  |  800.00 |    NULL |         880.0000 |
|  7499 | ALLEN  | 1600.00 |  300.00 |        1760.0000 |
|  7654 | MARTIN | 1250.00 | 1400.00 |        1375.0000 |
|  7788 | SCOTT  | 3000.00 |    NULL |        3300.0000 |
|  7876 | ADAMS  | 1100.00 |    NULL |        1210.0000 |
|  7934 | MILLER | 1300.00 |    NULL |        1430.0000 |
+-------+--------+---------+---------+------------------+
6 rows in set (0.00 sec)
 
16. Display all employees whose name starts with A and ends with either N or S, or works in dept 10.
mysql> select *
    -> from emp
    -> where regexp_like(ename, '^[A].*[NS]$') OR deptno = 10;
+-------+--------+-----------+------+------------+---------+--------+--------+
| EMPNO | ENAME  | JOB       | MGR  | HIREDATE   | SAL     | COMM   | DEPTNO |
+-------+--------+-----------+------+------------+---------+--------+--------+
|  7499 | ALLEN  | SALESMAN  | 7698 | 1981-02-20 | 1600.00 | 300.00 |     30 |
|  7782 | CLARK  | MANAGER   | 7839 | 1981-06-09 | 2450.00 |   NULL |     10 |
|  7839 | KING   | PRESIDENT | NULL | 1981-11-17 | 5000.00 |   NULL |     10 |
|  7876 | ADAMS  | CLERK     | 7788 | 1983-01-12 | 1100.00 |   NULL |     20 |
|  7934 | MILLER | CLERK     | 7782 | 1982-01-23 | 1300.00 |   NULL |     10 |
+-------+--------+-----------+------+------------+---------+--------+--------+
5 rows in set (0.00 sec)

17. List all departments whose name has atleast 8 characters.
mysql> select *
    -> from emp
    -> where regexp_like(job, '.........*');
+-------+--------+-----------+------+------------+---------+---------+--------+
| EMPNO | ENAME  | JOB       | MGR  | HIREDATE   | SAL     | COMM    | DEPTNO |
+-------+--------+-----------+------+------------+---------+---------+--------+
|  7499 | ALLEN  | SALESMAN  | 7698 | 1981-02-20 | 1600.00 |  300.00 |     30 |
|  7521 | WARD   | SALESMAN  | 7698 | 1981-02-22 | 1250.00 |  500.00 |     30 |
|  7654 | MARTIN | SALESMAN  | 7698 | 1981-09-28 | 1250.00 | 1400.00 |     30 |
|  7839 | KING   | PRESIDENT | NULL | 1981-11-17 | 5000.00 |    NULL |     10 |
|  7844 | TURNER | SALESMAN  | 7698 | 1981-09-08 | 1500.00 |    0.00 |     30 |
+-------+--------+-----------+------+------------+---------+---------+--------+
5 rows in set (0.00 sec)
 
18. List the employees name having 'E' as a second last character.
mysql> select *
    -> from emp
    -> where regexp_like(ename, '^.*E.$');
+-------+--------+----------+------+------------+---------+--------+--------+
| EMPNO | ENAME  | JOB      | MGR  | HIREDATE   | SAL     | COMM   | DEPTNO |
+-------+--------+----------+------+------------+---------+--------+--------+
|  7499 | ALLEN  | SALESMAN | 7698 | 1981-02-20 | 1600.00 | 300.00 |     30 |
|  7566 | JONES  | MANAGER  | 7839 | 1981-04-02 | 2975.00 |   NULL |     20 |
|  7844 | TURNER | SALESMAN | 7698 | 1981-09-08 | 1500.00 |   0.00 |     30 |
|  7900 | JAMES  | CLERK    | 7698 | 1981-12-03 |  950.00 |   NULL |     30 |
|  7934 | MILLER | CLERK    | 7782 | 1982-01-23 | 1300.00 |   NULL |     10 |
+-------+--------+----------+------+------------+---------+--------+--------+
5 rows in set (0.00 sec)

19. List the details of the employee, whose names start with ‘A’ and end with ‘S’ or whose names contains N as the second or third character, and end with either ‘N’ or ‘S’.
mysql> select *
    -> from emp
    -> where regexp_like(ename, '^A.*S$|^.N.*[NS]$|^..N.*[NS]$');
+-------+-------+---------+------+------------+---------+------+--------+
| EMPNO | ENAME | JOB     | MGR  | HIREDATE   | SAL     | COMM | DEPTNO |
+-------+-------+---------+------+------------+---------+------+--------+
|  7566 | JONES | MANAGER | 7839 | 1981-04-02 | 2975.00 | NULL |     20 |
|  7876 | ADAMS | CLERK   | 7788 | 1983-01-12 | 1100.00 | NULL |     20 |
+-------+-------+---------+------+------------+---------+------+--------+
2 rows in set (0.00 sec)

20. List employees whose name starts with either 'A' or 'S' in dept 20.
mysql> select *
    -> from emp
    -> where regexp_like(ename, '^[AS].*') and deptno = 20;
+-------+-------+---------+------+------------+---------+------+--------+
| EMPNO | ENAME | JOB     | MGR  | HIREDATE   | SAL     | COMM | DEPTNO |
+-------+-------+---------+------+------------+---------+------+--------+
|  7369 | SMITH | CLERK   | 7902 | 1980-12-17 |  800.00 | NULL |     20 |
|  7788 | SCOTT | ANALYST | 7566 | 1982-12-09 | 3000.00 | NULL |     20 |
|  7876 | ADAMS | CLERK   | 7788 | 1983-01-12 | 1100.00 | NULL |     20 |
+-------+-------+---------+------+------------+---------+------+--------+
3 rows in set (0.00 sec)
 
21. To list all employees with job starting with C , E at 3rd position and  ending with K.
mysql> select *
    -> from emp
    -> where regexp_like(job, '^C.E.*K$');
+-------+--------+-------+------+------------+---------+------+--------+
| EMPNO | ENAME  | JOB   | MGR  | HIREDATE   | SAL     | COMM | DEPTNO |
+-------+--------+-------+------+------------+---------+------+--------+
|  7369 | SMITH  | CLERK | 7902 | 1980-12-17 |  800.00 | NULL |     20 |
|  7876 | ADAMS  | CLERK | 7788 | 1983-01-12 | 1100.00 | NULL |     20 |
|  7900 | JAMES  | CLERK | 7698 | 1981-12-03 |  950.00 | NULL |     30 |
|  7934 | MILLER | CLERK | 7782 | 1982-01-23 | 1300.00 | NULL |     10 |
+-------+--------+-------+------+------------+---------+------+--------+
4 rows in set (0.00 sec)

22. To list all employees with job containing L at third position and M at third last position.
mysql> select *
    -> from emp
    -> where regexp_like(job, '^..L.*M..$');
+-------+--------+----------+------+------------+---------+---------+--------+
| EMPNO | ENAME  | JOB      | MGR  | HIREDATE   | SAL     | COMM    | DEPTNO |
+-------+--------+----------+------+------------+---------+---------+--------+
|  7499 | ALLEN  | SALESMAN | 7698 | 1981-02-20 | 1600.00 |  300.00 |     30 |
|  7521 | WARD   | SALESMAN | 7698 | 1981-02-22 | 1250.00 |  500.00 |     30 |
|  7654 | MARTIN | SALESMAN | 7698 | 1981-09-28 | 1250.00 | 1400.00 |     30 |
|  7844 | TURNER | SALESMAN | 7698 | 1981-09-08 | 1500.00 |    0.00 |     30 |
+-------+--------+----------+------+------------+---------+---------+--------+
4 rows in set (0.00 sec)
 
23. To list all employees with comm is null and name starts with ‘S’
mysql> select *
    -> from emp
    -> where comm is null and regexp_like(ename, '^S.*');
+-------+-------+---------+------+------------+---------+------+--------+
| EMPNO | ENAME | JOB     | MGR  | HIREDATE   | SAL     | COMM | DEPTNO |
+-------+-------+---------+------+------------+---------+------+--------+
|  7369 | SMITH | CLERK   | 7902 | 1980-12-17 |  800.00 | NULL |     20 |
|  7788 | SCOTT | ANALYST | 7566 | 1982-12-09 | 3000.00 | NULL |     20 |
+-------+-------+---------+------+------------+---------+------+--------+
2 rows in set (0.00 sec)

24. List employees in all dept whose salary not in the range of 2000 to 3000 with the job which is having a  string called 'MAN' at the end.
mysql> select *
    -> from emp
    -> where (sal not between 2000 and 3000) and job regexp '.*MAN$';
+-------+--------+----------+------+------------+---------+---------+--------+
| EMPNO | ENAME  | JOB      | MGR  | HIREDATE   | SAL     | COMM    | DEPTNO |
+-------+--------+----------+------+------------+---------+---------+--------+
|  7499 | ALLEN  | SALESMAN | 7698 | 1981-02-20 | 1600.00 |  300.00 |     30 |
|  7521 | WARD   | SALESMAN | 7698 | 1981-02-22 | 1250.00 |  500.00 |     30 |
|  7654 | MARTIN | SALESMAN | 7698 | 1981-09-28 | 1250.00 | 1400.00 |     30 |
|  7844 | TURNER | SALESMAN | 7698 | 1981-09-08 | 1500.00 |    0.00 |     30 |
+-------+--------+----------+------+------------+---------+---------+--------+
4 rows in set (0.00 sec)
 
25. List all the employee whose name does not end with 'S' in dept 20 and 30?
mysql> select *
    -> from emp
    -> where (deptno in (20, 30)) and ename regexp '.*[^S]$';
+-------+--------+----------+------+------------+---------+---------+--------+
| EMPNO | ENAME  | JOB      | MGR  | HIREDATE   | SAL     | COMM    | DEPTNO |
+-------+--------+----------+------+------------+---------+---------+--------+
|  7369 | SMITH  | CLERK    | 7902 | 1980-12-17 |  800.00 |    NULL |     20 |
|  7499 | ALLEN  | SALESMAN | 7698 | 1981-02-20 | 1600.00 |  300.00 |     30 |
|  7521 | WARD   | SALESMAN | 7698 | 1981-02-22 | 1250.00 |  500.00 |     30 |
|  7654 | MARTIN | SALESMAN | 7698 | 1981-09-28 | 1250.00 | 1400.00 |     30 |
|  7698 | BLAKE  | MANAGER  | 7839 | 1981-05-01 | 2850.00 |    NULL |     30 |
|  7788 | SCOTT  | ANALYST  | 7566 | 1982-12-09 | 3000.00 |    NULL |     20 |
|  7844 | TURNER | SALESMAN | 7698 | 1981-09-08 | 1500.00 |    0.00 |     30 |
|  7902 | FORD   | ANALYST  | 7566 | 1981-12-03 | 3000.00 |    NULL |     20 |
+-------+--------+----------+------+------------+---------+---------+--------+
8 rows in set (0.00 sec)
 
26. Display list all employees whose name ends with ER.
mysql> select *
    -> from emp
    -> where ename regexp '.*[ER]$';
+-------+--------+----------+------+------------+---------+------+--------+
| EMPNO | ENAME  | JOB      | MGR  | HIREDATE   | SAL     | COMM | DEPTNO |
+-------+--------+----------+------+------------+---------+------+--------+
|  7698 | BLAKE  | MANAGER  | 7839 | 1981-05-01 | 2850.00 | NULL |     30 |
|  7844 | TURNER | SALESMAN | 7698 | 1981-09-08 | 1500.00 | 0.00 |     30 |
|  7934 | MILLER | CLERK    | 7782 | 1982-01-23 | 1300.00 | NULL |     10 |
+-------+--------+----------+------+------------+---------+------+--------+
3 rows in set (0.00 sec)
 
27. Display all employees where comm is null and name starts with ‘S’.
mysql> select *
    -> from emp
    -> where comm is null and ename regexp '^S';
+-------+-------+---------+------+------------+---------+------+--------+
| EMPNO | ENAME | JOB     | MGR  | HIREDATE   | SAL     | COMM | DEPTNO |
+-------+-------+---------+------+------------+---------+------+--------+
|  7369 | SMITH | CLERK   | 7902 | 1980-12-17 |  800.00 | NULL |     20 |
|  7788 | SCOTT | ANALYST | 7566 | 1982-12-09 | 3000.00 | NULL |     20 |
+-------+-------+---------+------+------------+---------+------+--------+
2 rows in set (0.00 sec)
 
28. Display all rows where comm is null.
mysql> select *
    -> from emp
    -> where comm is null;
+-------+--------+-----------+------+------------+---------+------+--------+
| EMPNO | ENAME  | JOB       | MGR  | HIREDATE   | SAL     | COMM | DEPTNO |
+-------+--------+-----------+------+------------+---------+------+--------+
|  7369 | SMITH  | CLERK     | 7902 | 1980-12-17 |  800.00 | NULL |     20 |
|  7566 | JONES  | MANAGER   | 7839 | 1981-04-02 | 2975.00 | NULL |     20 |
|  7698 | BLAKE  | MANAGER   | 7839 | 1981-05-01 | 2850.00 | NULL |     30 |
|  7782 | CLARK  | MANAGER   | 7839 | 1981-06-09 | 2450.00 | NULL |     10 |
|  7788 | SCOTT  | ANALYST   | 7566 | 1982-12-09 | 3000.00 | NULL |     20 |
|  7839 | KING   | PRESIDENT | NULL | 1981-11-17 | 5000.00 | NULL |     10 |
|  7876 | ADAMS  | CLERK     | 7788 | 1983-01-12 | 1100.00 | NULL |     20 |
|  7900 | JAMES  | CLERK     | 7698 | 1981-12-03 |  950.00 | NULL |     30 |
|  7902 | FORD   | ANALYST   | 7566 | 1981-12-03 | 3000.00 | NULL |     20 |
|  7934 | MILLER | CLERK     | 7782 | 1982-01-23 | 1300.00 | NULL |     10 |
+-------+--------+-----------+------+------------+---------+------+--------+
10 rows in set (0.00 sec)
 

19. Create table dept10 same as dept and table emp10 same as emp.
    From tables emp10  and dept10 display the following data. 
    eno, ename, sal, dno and dept name.
mysql> select e.empno, e.ename, e.sal, d.deptno, d.dname
    -> from emp10 e, dept10 d
    -> where d.deptno = e.deptno;
+-------+--------+---------+--------+------------+
| empno | ename  | sal     | deptno | dname      |
+-------+--------+---------+--------+------------+
|  7369 | SMITH  |  800.00 |     20 | RESEARCH   |
|  7499 | ALLEN  | 1600.00 |     30 | SALES      |
|  7521 | WARD   | 1250.00 |     30 | SALES      |
|  7566 | JONES  | 2975.00 |     20 | RESEARCH   |
|  7654 | MARTIN | 1250.00 |     30 | SALES      |
|  7698 | BLAKE  | 2850.00 |     30 | SALES      |
|  7782 | CLARK  | 2450.00 |     10 | ACCOUNTING |
|  7788 | SCOTT  | 3000.00 |     20 | RESEARCH   |
|  7839 | KING   | 5000.00 |     10 | ACCOUNTING |
|  7844 | TURNER | 1500.00 |     30 | SALES      |
|  7876 | ADAMS  | 1100.00 |     20 | RESEARCH   |
|  7900 | JAMES  |  950.00 |     30 | SALES      |
|  7902 | FORD   | 3000.00 |     20 | RESEARCH   |
|  7934 | MILLER | 1300.00 |     10 | ACCOUNTING |
+-------+--------+---------+--------+------------+
14 rows in set (0.00 sec)